<?xml version="1.0" encoding="UTF-8"?>
<project-private xmlns="http://www.netbeans.org/ns/project-private/1">
    <editor-bookmarks xmlns="http://www.netbeans.org/ns/editor-bookmarks/2" lastBookmarkId="0"/>
    <open-files xmlns="http://www.netbeans.org/ns/projectui-open-files/2">
        <group>
            <file>file:/D:/Proyecto%20JoseBendaña/src/VerdaderoFalso.java</file>
            <file>file:/D:/Proyecto%20JoseBendaña/src/Tarea.java</file>
            <file>file:/D:/Proyecto%20JoseBendaña/src/SeleccionMultiple.java</file>
            <file>file:/D:/Proyecto%20JoseBendaña/src/Principal.java</file>
            <file>file:/D:/Proyecto%20JoseBendaña/src/Enumeracion.java</file>
        </group>
    </open-files>
</project-private>
