<?xml version="1.0" encoding="UTF-8"?>
<project-private xmlns="http://www.netbeans.org/ns/project-private/1">
    <editor-bookmarks xmlns="http://www.netbeans.org/ns/editor-bookmarks/2" lastBookmarkId="0"/>
    <open-files xmlns="http://www.netbeans.org/ns/projectui-open-files/2">
        <group>
            <file>file:/D:/Laboratorio%20Progra%202/Proyecto%20JoseBendaña/src/Registro.java</file>
            <file>file:/D:/Laboratorio%20Progra%202/Proyecto%20JoseBendaña/src/AdministrarClases.java</file>
            <file>file:/D:/Laboratorio%20Progra%202/Proyecto%20JoseBendaña/src/Usuario.java</file>
            <file>file:/D:/Laboratorio%20Progra%202/Proyecto%20JoseBendaña/src/Clase.java</file>
            <file>file:/D:/Laboratorio%20Progra%202/Proyecto%20JoseBendaña/src/SeleccionMultiple.java</file>
            <file>file:/D:/Laboratorio%20Progra%202/Proyecto%20JoseBendaña/src/Pregunta.java</file>
            <file>file:/D:/Laboratorio%20Progra%202/Proyecto%20JoseBendaña/src/AdministrarUsuarios.java</file>
            <file>file:/D:/Laboratorio%20Progra%202/Proyecto%20JoseBendaña/src/Examen.java</file>
            <file>file:/D:/Laboratorio%20Progra%202/Proyecto%20JoseBendaña/src/VerdaderoFalso.java</file>
            <file>file:/D:/Laboratorio%20Progra%202/Proyecto%20JoseBendaña/src/Enumeracion.java</file>
            <file>file:/D:/Laboratorio%20Progra%202/Proyecto%20JoseBendaña/src/Maestro.java</file>
            <file>file:/D:/Laboratorio%20Progra%202/Proyecto%20JoseBendaña/src/Nota.java</file>
            <file>file:/D:/Laboratorio%20Progra%202/Proyecto%20JoseBendaña/src/Principal.java</file>
            <file>file:/D:/Laboratorio%20Progra%202/Proyecto%20JoseBendaña/src/Tarea.java</file>
        </group>
    </open-files>
</project-private>
